{"initial_reset_timestamp": 1540916510.124325, "timestamps": [1540916510.161257, 1540916510.1924632, 1540916510.220821, 1540916510.254498, 1540916510.282378, 1540916510.30586, 1540916510.334899, 1540916510.360672, 1540916510.385211, 1540916510.423845, 1540916510.448237, 1540916510.46985, 1540916510.49499, 1540916510.544949, 1540916510.5857038, 1540916510.646729, 1540916510.6724238, 1540916510.701112, 1540916510.7589939, 1540916510.7878542, 1540916510.8239648, 1540916510.889396, 1540916510.9153311, 1540916510.9516668, 1540916510.973755, 1540916510.999897, 1540916511.025745, 1540916511.076533, 1540916511.0966349, 1540916511.133186, 1540916511.156506, 1540916511.1859891, 1540916511.2331898, 1540916511.263807, 1540916511.3182468, 1540916511.346818, 1540916511.366325, 1540916511.406142, 1540916511.465365, 1540916511.493994, 1540916511.516151, 1540916511.545491, 1540916511.571479, 1540916511.6530051, 1540916511.679862, 1540916511.7051651, 1540916511.74179, 1540916511.765667, 1540916511.7932649, 1540916511.8519108, 1540916511.8784692, 1540916511.902412, 1540916511.9415228, 1540916511.970546, 1540916512.018665, 1540916512.048956, 1540916512.077302, 1540916512.100662, 1540916512.129571, 1540916512.1555562, 1540916512.1870139, 1540916512.222286, 1540916512.244643, 1540916512.273518, 1540916512.308214, 1540916512.367977, 1540916512.393162, 1540916512.441088, 1540916512.469675, 1540916512.4932501, 1540916512.509644, 1540916512.546036, 1540916512.573484, 1540916512.615346, 1540916512.641857, 1540916512.6649752, 1540916512.6887932, 1540916512.708817, 1540916512.737163, 1540916512.770315, 1540916512.8007438, 1540916512.827895, 1540916512.861687, 1540916512.8887181, 1540916512.913536, 1540916512.941709, 1540916512.964393, 1540916513.0011299, 1540916513.05616, 1540916513.090938, 1540916513.1115808, 1540916513.1401658, 1540916513.167776, 1540916513.1942642, 1540916513.2221608, 1540916513.2469351, 1540916513.27808, 1540916513.319834, 1540916513.343221, 1540916513.37038, 1540916513.398845, 1540916513.481717, 1540916513.526349, 1540916513.5510569, 1540916514.9258492, 1540916515.853334, 1540916516.4300559, 1540916516.966219, 1540916517.748713, 1540916519.292427, 1540916519.556462, 1540916519.8001401, 1540916519.911484, 1540916520.062353, 1540916520.2258291, 1540916520.3561091, 1540916520.503646, 1540916520.639507, 1540916520.752695, 1540916520.915412, 1540916523.083062, 1540916524.0106628, 1540916525.4327412, 1540916526.5689652, 1540916527.840943, 1540916528.633297, 1540916529.419182, 1540916530.465327, 1540916531.107127, 1540916531.9321878, 1540916532.674179, 1540916533.302437, 1540916534.1052659, 1540916535.070604, 1540916535.691796, 1540916536.470658, 1540916537.274559, 1540916538.068172, 1540916539.122522, 1540916539.775608, 1540916540.6597528, 1540916542.070688], "episode_lengths": [57, 61, 72, 84, 67, 53, 58, 65, 62, 84, 96, 76, 91, 144, 136, 163, 102, 94, 173, 109, 125, 170, 86, 130, 76, 92, 106, 156, 76, 118, 80, 109, 127, 78, 150, 80, 66, 124, 175, 104, 89, 95, 85, 192, 88, 96, 117, 90, 92, 122, 86, 87, 131, 85, 128, 91, 70, 69, 81, 105, 103, 100, 81, 98, 108, 158, 85, 133, 93, 89, 64, 108, 88, 135, 93, 89, 79, 72, 103, 116, 107, 98, 126, 95, 88, 112, 82, 98, 135, 114, 78, 91, 105, 98, 88, 92, 93, 126, 99, 96, 104, 194, 148, 86, 200, 116, 72, 68, 97, 192, 255, 254, 146, 198, 199, 167, 196, 175, 146, 203, 266, 117, 176, 142, 160, 100, 100, 128, 80, 104, 94, 80, 101, 123, 78, 99, 101, 100, 133, 83, 113, 173], "episode_rewards": [-132.71658089841364, -103.86394391833625, -144.25122496565038, -134.79194755963817, -135.06746322980956, -153.137744834295, -169.80275811946274, -153.71464961882455, -140.54643268839715, -140.80901274392738, -34.22928413709273, -104.91592462123917, -45.22939868472869, -166.4391631928421, -105.01118305069903, -393.780056068756, -422.91312195871757, -357.9331212795306, -114.47541220939098, -222.92343488537784, -413.00170731237586, -42.96065782201159, -70.91185032957334, -168.27389280948438, -49.70283734309578, -303.14033322631934, -243.69554982920587, -95.99459743087596, -27.21470545440748, -261.58030868034973, -286.57698965183744, -170.00754544927935, -107.0604353393253, -157.14466900993625, -298.3523033346963, -361.34439085774284, -56.371249813537766, -110.7756251812969, -75.52561377548857, -258.9523248870234, -254.28144645753974, -451.45072764525986, -214.5496445980259, -170.2947367336915, -125.68714698277734, -407.5383914206931, -66.89245219041757, -183.88018517207078, -335.45401040899355, -148.30222021352444, -329.7436308153163, -21.078799943862904, -352.2531074690561, -340.3282606465407, -209.97017855729655, -105.23162598060516, -163.9732763006791, -126.384097022274, -233.5504866019616, -205.8389216123577, -378.30904536632846, -88.015483792876, -75.87220987024949, -301.7320934631482, -249.89870727803506, -254.4540848915028, -164.1102960298483, -112.80010924410648, -28.461343698012172, -64.6075037625937, -180.57654044252797, -172.244969209062, -142.21114934717565, -212.42881660767083, -55.28926537750573, -102.36399440454053, -40.98875838707544, -92.86589758532199, -250.85307394506563, -406.854126260857, -94.7848438443395, -440.05062470318654, -115.23560139580484, -339.76764111558475, -350.8595195350664, -233.80025168519595, -130.46966494135293, -342.0087893604883, -86.25560191887996, -245.43523819520706, -113.98508587846945, -39.12542623681451, -131.14143772860197, -159.80074754269384, -147.73290379555732, -411.32118622713915, -452.6561521773733, -123.34520723124011, -199.56017456519828, -82.27967283573159, -181.20067927614474, -154.9796752917222, -173.61336473544299, -150.38933749797025, -850.517746044654, -1265.7517526096096, -853.6138408510691, -794.0561129246298, -726.9634038253567, -1100.618978368179, -641.8205181649902, -1692.9943259876418, -582.5307725399485, -1629.035055990348, -396.08458088086826, -693.6139607050626, -1581.3051456070395, -971.3886505955196, -566.5578677666244, -1071.2575968450774, -1100.4317184380352, -659.8701424139836, -1039.672089713722, -755.1004710662754, -981.3014872401429, -735.4352355184149, -774.1582742842635, -788.5811580446203, -659.4677746573477, -802.3532907605584, -801.5053248883596, -445.2428004303442, -837.2829615696978, -916.2866362052999, -609.6185938015848, -754.4665813749921, -811.331710343283, -595.1137898578547, -944.4037938164417, -536.3414006550904, -239.80158902183916, -230.45041048659172], "episode_types": ["t", "t", "t", "t", "t", "t", "t", "t", "t", "t", "t", "t", "t", "t", "t", "t", "t", "t", "t", "t", "t", "t", "t", "t", "t", "t", "t", "t", "t", "t", "t", "t", "t", "t", "t", "t", "t", "t", "t", "t", "t", "t", "t", "t", "t", "t", "t", "t", "t", "t", "t", "t", "t", "t", "t", "t", "t", "t", "t", "t", "t", "t", "t", "t", "t", "t", "t", "t", "t", "t", "t", "t", "t", "t", "t", "t", "t", "t", "t", "t", "t", "t", "t", "t", "t", "t", "t", "t", "t", "t", "t", "t", "t", "t", "t", "t", "t", "t", "t", "t", "t", "t", "t", "t", "t", "t", "t", "t", "t", "t", "t", "t", "t", "t", "t", "t", "t", "t", "t", "t", "t", "t", "t", "t", "t", "t", "t", "t", "t", "t", "t", "t", "t", "t", "t", "t", "t", "t", "t", "t", "t", "t", "t"]}