{"initial_reset_timestamp": 1542205119.934134, "timestamps": [1542205120.031887, 1542205120.097204, 1542205120.1629171, 1542205120.228773, 1542205120.295414, 1542205120.357426, 1542205120.419295, 1542205120.481078, 1542205120.543357, 1542205120.610763], "episode_lengths": [200, 200, 200, 200, 200, 200, 200, 200, 200, 200], "episode_rewards": [-1818.8141443623547, -1889.0796255881155, -1420.1945245769255, -1389.0270978195144, -1882.834170806799, -1891.2109168638826, -1620.1572849196914, -1301.3651286928302, -1291.1757047248182, -1256.0832865536881], "episode_types": ["t", "t", "t", "t", "t", "t", "t", "t", "t", "t", "t"]}