{"initial_reset_timestamp": 1542205340.061014, "timestamps": [1542205341.0308852, 1542205341.929722, 1542205342.845043, 1542205343.7452118, 1542205344.63901, 1542205345.533758, 1542205346.422867, 1542205347.305223, 1542205348.205792, 1542205349.109471, 1542205349.135214, 1542205349.637876, 1542205350.13292, 1542205350.632053, 1542205350.672363, 1542205351.163085, 1542205351.664812, 1542205351.71021, 1542205351.739559, 1542205351.7621179, 1542205351.7849011], "episode_lengths": [1600, 1600, 1600, 1600, 1600, 1600, 1600, 1600, 1600, 1600, 64, 1600, 1600, 1600, 98, 1600, 1600, 124, 66, 59, 59], "episode_rewards": [-70.61274942436357, -69.70557891876061, -49.74365302272721, -67.457805361634, -67.03425765842981, -69.90245047696553, -67.34246589695226, -43.59045708623406, -65.87335406125987, -51.73858020882646, -100.22783397784022, -84.3651863918706, -77.13914944548236, -79.95794237101717, -100.09818552918779, -90.00799063757202, -86.576364509481, -106.76981169664457, -111.50754999960152, -100.9205322064478, -100.68427067578646], "episode_types": ["t", "t", "t", "t", "t", "t", "t", "t", "t", "t", "t", "t", "t", "t", "t", "t", "t", "t", "t", "t", "t", "t"]}