{"initial_reset_timestamp": 1542205155.142545, "timestamps": [1542205155.232039, 1542205155.3023129, 1542205155.3700428, 1542205155.4377038, 1542205155.508193, 1542205155.5765219, 1542205155.644275, 1542205155.713216, 1542205155.782412, 1542205155.8521988, 1542205155.8681579, 1542205155.887158, 1542205155.9002938, 1542205155.915122, 1542205155.9305012, 1542205155.9453921, 1542205155.960415, 1542205155.9754071, 1542205155.99157, 1542205156.007775, 1542205156.027735, 1542205156.044244, 1542205156.0590951, 1542205156.073741, 1542205156.088843, 1542205156.1035159, 1542205156.1190379, 1542205156.1350882, 1542205156.150537, 1542205156.167001, 1542205156.181914, 1542205156.196325, 1542205156.211522, 1542205156.225718, 1542205156.239757, 1542205156.257774, 1542205156.275129, 1542205156.290367, 1542205156.305443, 1542205156.321895, 1542205156.338187, 1542205156.353197, 1542205156.3683379, 1542205156.384782, 1542205156.401222, 1542205156.4174662, 1542205156.43341, 1542205156.448916, 1542205156.4643729, 1542205156.4818728, 1542205156.5001202, 1542205156.521155, 1542205156.5409331, 1542205156.557163, 1542205156.573768, 1542205156.589579, 1542205156.606108, 1542205156.623418, 1542205156.641773, 1542205156.659499], "episode_lengths": [200, 200, 200, 200, 200, 200, 200, 200, 200, 200, 200, 200, 200, 200, 200, 200, 200, 200, 200, 200, 200, 200, 200, 200, 200, 200, 200, 200, 200, 200, 200, 200, 200, 200, 200, 200, 200, 200, 200, 200, 200, 200, 200, 200, 200, 200, 200, 200, 200, 200, 200, 200, 200, 200, 200, 200, 200, 200, 200, 200], "episode_rewards": [-1840.9445834529135, -1902.1357435320456, -1769.6328396690355, -1350.8627635795308, -1901.890563297592, -1692.0743229532666, -1775.5411795411803, -1339.8863284350252, -1592.542685558039, -1800.4926038614533, -1336.9931391977345, -880.5565487029742, -1168.1155789612505, -884.510712379693, -1305.9384366891804, -854.7341210377549, -1825.327888571452, -1599.4265823687078, -1230.802412203534, -1066.516952784771, -1304.773623876592, -882.8790086749564, -976.6195436365524, -1238.240830255594, -1243.0274580414743, -1722.2406888691028, -768.151724002964, -766.9726267978062, -966.2208418763958, -939.7803308832549, -1233.0890619567801, -1646.1521305532085, -1721.841006811003, -1174.920221617981, -966.0329710149331, -1181.2441304390477, -1002.6873691472682, -1699.0836611934262, -900.3144072743812, -1623.7438419566454, -1059.532126844801, -1558.4264444914281, -1407.3155368558073, -1005.0572567156918, -1409.9650310038594, -987.0732658617173, -941.6212893348852, -1072.8374675140606, -1654.0187543782847, -1444.2902476153267, -1584.55883472288, -1290.9376702853651, -1148.1401625663123, -1396.147885106089, -1348.1070077113288, -862.545774210726, -875.4467900790355, -1608.0564006834047, -1356.391048951015, -1732.6211459853216], "episode_types": ["t", "t", "t", "t", "t", "t", "t", "t", "t", "t", "t", "t", "t", "t", "t", "t", "t", "t", "t", "t", "t", "t", "t", "t", "t", "t", "t", "t", "t", "t", "t", "t", "t", "t", "t", "t", "t", "t", "t", "t", "t", "t", "t", "t", "t", "t", "t", "t", "t", "t", "t", "t", "t", "t", "t", "t", "t", "t", "t", "t", "t"]}