{"initial_reset_timestamp": 1540940915.513581, "timestamps": [1540940915.59477, 1540940915.620736, 1540940915.643153, 1540940915.694659, 1540940915.720962, 1540940915.7445319, 1540940915.764854, 1540940915.804441, 1540940915.845696, 1540940915.870629, 1540940915.9052758, 1540940915.927165, 1540940915.949035, 1540940915.984708, 1540940916.006547, 1540940916.028849, 1540940916.054435, 1540940916.070003, 1540940916.097412, 1540940916.120646, 1540940916.142766, 1540940916.178858, 1540940916.2011452, 1540940916.2243829, 1540940916.250467, 1540940916.265388, 1540940916.287793, 1540940916.308637, 1540940916.345004, 1540940916.367718, 1540940916.4078028, 1540940916.4315891, 1540940916.465502, 1540940916.489681, 1540940916.525086, 1540940916.5438058, 1540940916.565035, 1540940916.59246, 1540940916.615564, 1540940916.636391, 1540940916.671961, 1540940916.697938, 1540940916.724758, 1540940916.742283, 1540940916.764395, 1540940916.782252, 1540940916.827004, 1540940916.848673, 1540940916.871257, 1540940916.888907, 1540940916.9164338, 1540940916.943027, 1540940916.963552, 1540940917.009873, 1540940917.047443, 1540940917.062764, 1540940917.0861912, 1540940917.122871, 1540940917.1441479, 1540940917.1744032, 1540940917.207413, 1540940917.223144, 1540940917.279953, 1540940917.309501, 1540940917.340797, 1540940917.3698182, 1540940917.387734, 1540940917.416589, 1540940917.448447, 1540940917.470828, 1540940917.501549, 1540940917.546231, 1540940917.56834, 1540940917.585707, 1540940917.641919, 1540940917.6599932, 1540940917.684245, 1540940917.7068732, 1540940917.733815, 1540940917.7649522, 1540940917.787352, 1540940917.808308, 1540940917.833524, 1540940917.857638, 1540940917.880212, 1540940917.9049659, 1540940917.9413178, 1540940917.972717, 1540940918.004523, 1540940918.023808, 1540940918.069938, 1540940918.115058, 1540940918.1372201, 1540940918.167261, 1540940918.201826, 1540940918.228796, 1540940918.266361, 1540940918.302408, 1540940918.325749, 1540940918.352169, 1540940918.372689, 1540940918.3948958, 1540940918.412724, 1540940918.4460642, 1540940918.693983, 1540940919.19161, 1540940919.923691, 1540940920.301491, 1540940920.8332958, 1540940921.2015722, 1540940921.253522, 1540940921.3581738, 1540940921.402484, 1540940921.480581, 1540940921.547009, 1540940921.6327329, 1540940921.70257, 1540940921.7428858, 1540940921.8292549, 1540940921.883858, 1540940922.286172, 1540940923.1046882, 1540940923.9336069, 1540940924.708798, 1540940925.392112, 1540940925.915806, 1540940926.311188, 1540940926.646432, 1540940927.025984, 1540940927.812783, 1540940928.429857, 1540940928.929769, 1540940929.5929248, 1540940930.0864608, 1540940930.7884212, 1540940932.3781078, 1540940933.2738261, 1540940933.904007, 1540940934.564766, 1540940935.5659368, 1540940936.3784919, 1540940936.872329, 1540940937.2839391, 1540940937.883039, 1540940938.63073, 1540940939.273234, 1540940940.381608, 1540940941.208886, 1540940942.05604, 1540940942.734472, 1540940943.417269, 1540940944.2068071, 1540940944.8915079, 1540940945.9522939, 1540940946.487827, 1540940947.364177, 1540940948.087391, 1540940948.6282518, 1540940949.2185442, 1540940949.7551959, 1540940950.761176, 1540940953.254268, 1540940954.788217, 1540940956.405195, 1540940957.1989949, 1540940961.700313, 1540940966.659219, 1540940970.351692, 1540940978.933577, 1540940980.0017788, 1540940980.683614, 1540940981.232065, 1540940981.803767, 1540940982.684979, 1540940983.372807, 1540940984.4004219, 1540940985.309039, 1540940986.419677, 1540940987.76288, 1540940997.2843351, 1540941007.2181811, 1540941009.579306, 1540941010.498301, 1540941014.643282, 1540941016.8713799, 1540941017.528039, 1540941023.4456692, 1540941026.65285, 1540941028.663836, 1540941030.310349, 1540941033.104328, 1540941034.614484, 1540941035.950686, 1540941043.6683252, 1540941044.622184, 1540941045.5366662, 1540941046.335783, 1540941047.874132, 1540941049.654727, 1540941057.30769, 1540941062.047504, 1540941068.7661362, 1540941073.21767, 1540941077.351692, 1540941080.7494102, 1540941081.622463, 1540941089.704907, 1540941095.388808, 1540941103.6037471, 1540941106.7051039, 1540941107.437817, 1540941107.9076421, 1540941108.283953, 1540941108.748586, 1540941109.241785, 1540941109.657262, 1540941110.045177, 1540941110.495677, 1540941110.928517, 1540941111.279702, 1540941112.459754, 1540941112.642401, 1540941114.832761, 1540941115.2498949, 1540941116.9262578, 1540941118.986965, 1540941120.661775, 1540941122.010441, 1540941124.078536, 1540941125.303678, 1540941125.710548, 1540941126.309712, 1540941126.624227, 1540941127.0855339, 1540941129.839672, 1540941130.446721, 1540941131.062437, 1540941134.2263098, 1540941142.435096, 1540941150.2902489, 1540941153.343014, 1540941155.5634072, 1540941163.0923898, 1540941171.9875891, 1540941173.8780868, 1540941174.546603, 1540941183.6234188, 1540941187.053521, 1540941196.346576, 1540941196.9677958, 1540941201.7912269, 1540941202.692173, 1540941212.575053, 1540941215.371899, 1540941224.97555, 1540941226.536939, 1540941228.721628], "episode_lengths": [123, 71, 61, 113, 66, 60, 56, 79, 101, 67, 110, 87, 72, 125, 95, 94, 94, 68, 101, 102, 90, 129, 103, 73, 108, 72, 85, 91, 137, 98, 145, 100, 136, 102, 142, 79, 81, 106, 93, 86, 129, 102, 108, 67, 93, 71, 149, 84, 94, 89, 105, 108, 86, 159, 141, 70, 87, 131, 84, 115, 119, 71, 181, 95, 105, 123, 81, 118, 115, 93, 131, 152, 90, 86, 180, 75, 90, 98, 105, 123, 86, 90, 106, 94, 97, 92, 139, 128, 123, 74, 157, 149, 91, 117, 130, 109, 130, 135, 103, 96, 86, 82, 78, 126, 91, 82, 118, 60, 86, 60, 64, 146, 71, 108, 102, 127, 106, 66, 128, 87, 62, 130, 125, 117, 107, 82, 62, 53, 61, 117, 97, 77, 103, 75, 109, 225, 135, 97, 102, 155, 125, 79, 64, 97, 117, 102, 171, 125, 128, 104, 109, 127, 111, 167, 86, 138, 114, 87, 75, 82, 151, 344, 224, 234, 117, 562, 610, 463, 1000, 163, 104, 83, 87, 131, 103, 155, 136, 161, 190, 1000, 1000, 295, 116, 487, 301, 93, 698, 423, 280, 222, 361, 224, 181, 875, 143, 140, 123, 228, 262, 831, 611, 859, 563, 532, 434, 126, 1000, 721, 1000, 384, 111, 72, 59, 73, 77, 65, 60, 66, 65, 55, 714, 286, 960, 388, 1000, 1000, 1000, 1000, 1000, 1000, 60, 93, 49, 72, 370, 91, 95, 427, 1000, 1000, 409, 303, 793, 1000, 273, 103, 1000, 434, 1000, 89, 564, 118, 1000, 371, 1000, 176, 252],