{"initial_reset_timestamp": 1542205455.310087, "timestamps": [1542205455.399032, 1542205456.412277, 1542205456.480215, 1542205456.546252, 1542205456.607052, 1542205456.676223, 1542205456.7364638, 1542205456.805908, 1542205456.868373, 1542205456.936862, 1542205456.959595, 1542205457.4255009, 1542205457.8867252, 1542205458.3546932, 1542205458.3864288, 1542205458.4053068, 1542205458.8723872, 1542205459.3412411, 1542205459.807551, 1542205462.538343, 1542205462.8911018, 1542205463.4325602, 1542205463.9303029, 1542205464.371829, 1542205464.76449, 1542205465.378977, 1542205465.92979, 1542205466.435791, 1542205466.9775202, 1542205467.474476, 1542205467.9733918, 1542205468.444921, 1542205468.752033, 1542205469.157547, 1542205469.522701, 1542205469.854953, 1542205470.245503, 1542205470.595838, 1542205470.923839, 1542205471.239765, 1542205471.574595, 1542205471.9430919, 1542205472.32888, 1542205472.639586, 1542205472.946642, 1542205473.263665, 1542205473.73327, 1542205474.229583, 1542205484.9585888, 1542205486.333408, 1542205486.721505, 1542205497.586742, 1542205498.2622762, 1542205499.3745449, 1542205501.018018, 1542205512.058306, 1542205512.676499, 1542205513.480101, 1542205514.528163, 1542205515.3238451, 1542205516.169712, 1542205516.8288279, 1542205517.482242, 1542205518.338733, 1542205518.837566, 1542205519.3758621, 1542205520.490206, 1542205520.9597492, 1542205521.599475, 1542205522.29886, 1542205522.8642519, 1542205523.773723, 1542205524.359827, 1542205524.7190132, 1542205525.132234, 1542205525.820273, 1542205526.51086, 1542205527.0541198, 1542205527.5547788, 1542205528.121866, 1542205528.789068, 1542205529.115962, 1542205529.50291, 1542205529.888155, 1542205530.623932, 1542205531.412866, 1542205532.1276422, 1542205533.0060182, 1542205535.709106, 1542205536.569132, 1542205537.391156, 1542205538.185399, 1542205538.8651829, 1542205539.787613, 1542205540.72465, 1542205541.688522, 1542205542.679265, 1542205543.429163, 1542205544.191892, 1542205545.18249, 1542205545.887421, 1542205547.011657, 1542205547.8386838, 1542205548.749509, 1542205549.6906219, 1542205550.992095, 1542205551.926173, 1542205552.6100469, 1542205553.000443, 1542205553.4697611, 1542205553.521586, 1542205553.570741, 1542205553.61785, 1542205553.664735, 1542205553.709287, 1542205553.75029, 1542205553.79682, 1542205553.843379, 1542205553.885744, 1542205553.931751, 1542205554.5096982, 1542205554.7896562, 1542205555.2295501, 1542205555.53739, 1542205555.811392, 1542205556.174345, 1542205556.6300359, 1542205557.064641, 1542205557.384044, 1542205557.889426, 1542205558.329189, 1542205558.8389928, 1542205559.262757, 1542205559.832431, 1542205560.306587, 1542205560.787199, 1542205561.402137, 1542205562.0351639, 1542205562.481248, 1542205562.9671931, 1542205563.5243468, 1542205564.284113, 1542205564.873564, 1542205565.468748, 1542205566.112297, 1542205566.5746229, 1542205567.071831, 1542205567.5954182, 1542205568.175236, 1542205568.641804, 1542205569.310302, 1542205569.8252668, 1542205570.35657, 1542205570.8782668, 1542205571.4180548, 1542205581.3692212, 1542205581.770981, 1542205586.009472, 1542205586.666968, 1542205591.793306, 1542205592.224415, 1542205592.727944, 1542205593.023946, 1542205599.4488268, 1542205600.326991, 1542205610.177066, 1542205620.087032, 1542205629.901459, 1542205630.2319622, 1542205630.509717, 1542205630.7852328, 1542205631.125042, 1542205631.4559329, 1542205631.773891, 1542205632.071018, 1542205632.3953521, 1542205632.700188, 1542205632.9985101, 1542205633.296184, 1542205633.570478, 1542205633.8339388, 1542205634.0893161, 1542205634.3443189, 1542205634.568204, 1542205634.818305, 1542205635.067001, 1542205635.312002, 1542205635.5562391, 1542205635.813102, 1542205636.068785, 1542205636.3061812, 1542205636.5546508, 1542205636.772929, 1542205637.053489, 1542205637.326046, 1542205637.5979252, 1542205637.895624, 1542205638.23721, 1542205638.74828, 1542205639.010314, 1542205639.273386, 1542205639.656534, 1542205640.034252, 1542205640.374184, 1542205640.722723, 1542205641.1084712, 1542205641.5759208, 1542205642.0165818, 1542205642.647029, 1542205643.1126442, 1542205643.68716, 1542205644.220695, 1542205644.6649148, 1542205645.268016, 1542205645.748542, 1542205646.181739, 1542205646.444764, 1542205646.713341, 1542205647.638221, 1542205648.464927, 1542205648.526434, 1542205648.5810602, 1542205648.62571, 1542205648.677346, 1542205648.730685, 1542205648.7781582, 1542205648.8294241, 1542205648.875103, 1542205648.920933, 1542205648.973931, 1542205649.242579, 1542205650.164143, 1542205650.824746, 1542205651.3745558, 1542205652.123442, 1542205652.75211, 1542205653.458669, 1542205654.063406, 1542205654.6288152, 1542205655.111328, 1542205655.609618, 1542205656.096349, 1542205656.794008, 1542205657.2656178, 1542205657.793967, 1542205658.210635, 1542205658.6377962, 1542205659.1079822, 1542205659.6270652, 1542205660.1560068, 1542205661.2573178, 1542205661.884788, 1542205662.378248, 1542205662.779679, 1542205663.3904462, 1542205663.943842, 1542205664.3967319, 1542205665.099157, 1542205665.814087, 1542205666.433398, 1542205667.122136, 1542205667.3842292, 1542205667.633415, 1542205668.481853, 1542205669.388132, 1542205669.6429389, 1542205670.147029, 1542205670.623971, 1542205671.094568, 1542205671.96337, 1542205672.428449, 1542205672.976704, 1542205673.3488798, 1542205673.816212, 1542205674.2880619, 1542205674.853343, 1542205675.936716, 1542205676.680317, 1542205677.468414, 1542205677.835208, 1542205678.2732532, 1542205679.036525, 1542205689.007133, 1542205689.420212, 1542205690.1079822, 1542205690.787981, 1542205691.582943, 1542205692.18679, 1542205693.151395, 1542205694.037261, 1542205694.8605099, 1542205695.914797, 1542205705.8065972, 1542205706.148263, 1542205706.879794, 1542205707.543196, 1542205708.1395872, 1542205708.651737, 1542205714.5824041, 1542205715.350142, 1542205715.8299499, 1542205716.555556, 1542205717.347554, 1542205717.762572, 1542205725.2925599, 1542205725.8590562, 1542205728.8402061, 1542205729.287082, 1542205730.3995311, 1542205731.098499, 1542205731.5400991, 1542205732.070443, 1542205732.900803, 1542205733.585655, 1542205734.150029, 1542205734.623134, 1542205735.32829, 1542205736.1025972, 1542205736.7256699, 1542205737.313466, 1542205737.795858, 1542205738.229145, 1542205738.866456, 1542205739.421071, 1542205739.8631082, 1542205740.327648, 1542205740.865967, 1542205741.5226629, 1542205742.293715, 1542205753.090515, 1542205753.1430311, 1542205753.1848161, 1542205753.229766, 1542205753.269873, 1542205753.31246, 1542205753.3586571, 1542205753.402878, 1542205753.451317, 1542205753.500107, 1542205753.540137, 1542205754.0512261, 1542205754.5120819, 1542205754.99948, 1542205755.712397, 1542205756.3709152, 1542205756.995384, 1542205757.4893272, 1542205758.1004958, 1542205758.66573, 1542205759.08444, 1542205759.5577521, 1542205760.1260421, 1542205760.630559, 1542205761.1073449, 1542205761.693522, 1542205762.276813, 1542205762.790425, 1542205763.652695, 1542205764.155304, 1542205764.6150222, 1542205765.048665, 1542205765.479851, 1542205765.869484, 1542205766.3996859, 1542205766.997161, 1542205767.771164, 1542205768.3735948, 1542205769.1996522],