{"initial_reset_timestamp": 1540968960.1810281, "timestamps": [1540968960.2703629, 1540968960.334965, 1540968960.394968, 1540968960.472105, 1540968960.537538, 1540968960.597698, 1540968960.6569788, 1540968960.715826, 1540968960.775146, 1540968960.83498, 1540968960.848316, 1540968960.859881, 1540968960.875888, 1540968960.894315, 1540968960.90691, 1540968960.9196858, 1540968960.9323552, 1540968960.945346, 1540968960.958049, 1540968960.9739451, 1540968960.986253, 1540968960.998872, 1540968961.011774, 1540968961.0251179, 1540968961.038052, 1540968961.0517602, 1540968961.06405, 1540968961.076543, 1540968961.090465, 1540968961.103075, 1540968961.115393, 1540968961.128872, 1540968961.142262, 1540968961.1554, 1540968961.1678982, 1540968961.180743, 1540968961.19548, 1540968961.209276, 1540968961.221699, 1540968961.235169, 1540968961.247668, 1540968961.2603252, 1540968961.275437, 1540968961.288372, 1540968961.30058, 1540968961.314539, 1540968961.330545, 1540968961.3506072, 1540968961.363961, 1540968961.377595, 1540968961.391055, 1540968961.406106, 1540968961.41945, 1540968961.432141, 1540968961.4488041, 1540968961.4647942, 1540968961.497209, 1540968961.522569, 1540968961.540035, 1540968961.552309, 1540968962.948225, 1540968964.161852, 1540968965.375514, 1540968966.580205, 1540968967.7792408, 1540968968.987995, 1540968970.1967318, 1540968971.406486, 1540968972.6530318, 1540968973.852125, 1540968975.0668259, 1540968976.259968, 1540968977.470794, 1540968978.66588, 1540968979.861336, 1540968981.051898, 1540968982.253695, 1540968983.443696, 1540968984.6492732, 1540968985.845838, 1540968987.052276, 1540968988.254123, 1540968989.4445949, 1540968990.640691, 1540968991.837256, 1540968993.043545, 1540968994.2391932, 1540968995.439423, 1540968996.63569, 1540968997.853207, 1540968999.084564, 1540969000.299766, 1540969001.518731, 1540969002.759677, 1540969004.021468, 1540969005.250658, 1540969006.472366, 1540969007.704094, 1540969008.952478, 1540969010.1837199, 1540969011.412899, 1540969012.646981, 1540969013.8825321, 1540969015.118932, 1540969016.354862, 1540969017.5904698, 1540969018.860012, 1540969020.1016839, 1540969021.34129, 1540969022.577406, 1540969022.646028, 1540969022.70558, 1540969022.765333, 1540969022.825398, 1540969022.8853629, 1540969022.9455569, 1540969023.0058858, 1540969023.065439, 1540969023.125081, 1540969023.184872, 1540969024.41049, 1540969025.648849, 1540969026.907858, 1540969028.161762, 1540969029.394254, 1540969030.644873, 1540969031.8934212, 1540969033.197592, 1540969034.4389, 1540969035.6786041, 1540969036.904941, 1540969038.140954, 1540969039.387775, 1540969040.626194], "episode_lengths": [200, 200, 200, 200, 200, 200, 200, 200, 200, 200, 200, 200, 200, 200, 200, 200, 200, 200, 200, 200, 200, 200, 200, 200, 200, 200, 200, 200, 200, 200, 200, 200, 200, 200, 200, 200, 200, 200, 200, 200, 200, 200, 200, 200, 200, 200, 200, 200, 200, 200, 200, 200, 200, 200, 200, 200, 200, 200, 200, 200, 200, 200, 200, 200, 200, 200, 200, 200, 200, 200, 200, 200, 200, 200, 200, 200, 200, 200, 200, 200, 200, 200, 200, 200, 200, 200, 200, 200, 200, 200, 200, 200, 200, 200, 200, 200, 200, 200, 200, 200, 200, 200, 200, 200, 200, 200, 200, 200, 200, 200, 200, 200, 200, 200, 200, 200, 200, 200, 200, 200, 200, 200, 200, 200, 200, 200, 200, 200, 200, 200, 200, 200, 200, 200], "episode_rewards": [-1860.8012672698458, -1699.220635591337, -1762.2468644168118, -1666.4206586684327, -1852.4823443105483, -1670.5322161447257, -1930.3726081622701, -1918.0471126752584, -1834.0850742606012, -1759.8850288006408, -979.9579237474189, -878.8533712454611, -1172.261117623814, -1322.6487044750888, -1440.073358741049, -1189.6973084196313, -1743.826235736487, -950.2657625491565, -1798.7498756217665, -1156.4360406594556, -1626.2173988112875, -1417.817203866581, -1269.8361406988513, -1540.3105936451846, -860.1083660361859, -1271.0539273230982, -1161.0598412292886, -829.8468653319319, -964.8642612534633, -1711.8166201027948, -1633.8419948639341, -1024.2524972546164, -767.7342674218232, -1082.5115771185804, -1063.9728010546075, -1452.7093282674339, -1187.8867390558942, -1288.2344347191618, -890.8702191508081, -1266.1561737825828, -928.2874939059985, -1488.127551547453, -1253.1777642016914, -1201.5368764637478, -890.0829481272231, -978.8949389238168, -856.1238888087908, -863.0486927535148, -892.3139948312574, -1587.98797697766, -1450.6413909405794, -1628.3689590636118, -890.235443864842, -1185.6223050987987, -1077.8224591829858, -965.2316263263228, -1278.0830720631122, -963.815059718934, -1569.750332321711, -991.1244437749323, -1157.0839022052648, -1604.6823764630976, -1530.1572230255883, -1646.1583310968097, -1544.5647541976916, -1498.9976842669537, -1584.672313806633, -1537.4932370572096, -1189.5469806625233, -1574.4404070032401, -1711.910876650081, -1173.1471195851404, -1583.481749756665, -1693.1690099048437, -1667.343513603492, -1491.1707767557657, -1658.6625791427289, -1516.5015791524459, -1368.8104046061167, -1713.853684654246, -1485.6971984893435, -1428.2927161142095, -1730.997979740025, -1396.0235355951936, -1691.5507532033544, -1341.230608640953, -1294.5462853879662, -1279.2637372316115, -1342.9120566544334, -1205.1076803405372, -1214.6577755423625, -1153.2038405007659, -1503.0221951223482, -1270.8483295000192, -1064.3582911994963, -1125.079986878098, -1075.7062958266713, -1250.8903295103685, -1020.0369445155258, -1723.9269006258637, -1006.7682476691901, -1106.6874631561843, -1128.524383571725, -976.7416351508922, -994.5886346711964, -1735.591465896393, -1219.850001968238, -983.5270786252789, -1.4890086215411014, -985.4998366995626, -270.11000318202883, -519.2895901512189, -135.20634287442448, -138.24073102649018, -643.1111363843066, -131.85326755938584, -131.21036361778147, -0.6180054144970573, -269.51988025075207, -2.919205739506667, -1151.944315203669, -1131.2166980954391, -918.7026808416374, -874.7467148656823, -932.3229973725541, -1.7022415965406705, -503.46772105605874, -374.9518427162297, -252.1481492291846, -755.7753107659133, -928.7613244038201, -129.03319023302714, -129.11785669986725, -252.00515309640346], "episode_types": ["t", "t", "t", "t", "t", "t", "t", "t", "t", "t", "t", "t", "t", "t", "t", "t", "t", "t", "t", "t", "t", "t", "t", "t", "t", "t", "t", "t", "t", "t", "t", "t", "t", "t", "t", "t", "t", "t", "t", "t", "t", "t", "t", "t", "t", "t", "t", "t", "t", "t", "t", "t", "t", "t", "t", "t", "t", "t", "t", "t", "t", "t", "t", "t", "t", "t", "t", "t", "t", "t", "t", "t", "t", "t", "t", "t", "t", "t", "t", "t", "t", "t", "t", "t", "t", "t", "t", "t", "t", "t", "t", "t", "t", "t", "t", "t", "t", "t", "t", "t", "t", "t", "t", "t", "t", "t", "t", "t", "t", "t", "t", "t", "t", "t", "t", "t", "t", "t", "t", "t", "t", "t", "t", "t", "t", "t", "t", "t", "t", "t", "t", "t", "t", "t", "t"]}